Account Number,Description,Account Type
00-10000,Cage/Vault,Posting Account
00-10001,Cage/Vault Contra,Posting Account
00-10002,Cash On Hand-Other 1,Posting Account
00-10003,Cash On Hand-Other 2,Posting Account
00-10004,Floating Banks,Posting Account
00-10005,F&B Banks,Posting Account
00-10006,Hotel Banks,Posting Account
00-10007,Cage Cashier Banks,Posting Account
00-10008,Retail Banks,Posting Account
00-10009,TRU Kiosks,Posting Account
00-10010,Standalone ATM,Posting Account
00-10011,Other ATMs,Posting Account
00-10012,Proceeds From Asset Sale,Posting Account
00-10013,Admin-Concession Suspense,Posting Account
00-10014,Admin-Bar Suspense,Posting Account
00-10015,Admin- Visitor Center Clearing,Posting Account
00-10016,Admin-Machine Revenue Accrual,Posting Account
00-10017,Admin-Jackpot Clearing,Posting Account
00-10018,Admin-Misc Cash Receipts Clearing,Posting Account
00-10019,Admin-Misc Cash DisbursementClearing,Posting Account
00-10020,Admin-Restaurant Clearing,Posting Account
00-10021,Admin- Credit Card Clearing,Posting Account
00-10022,Admin-Hotel Clearing,Posting Account
00-10023,Admin-Gift Shop Clearing,Posting Account
00-10024,Admin-Pettty Cash,Posting Account
00-10500,Internal DIT - Slots,Posting Account
00-10501,Internal DIT - Ent,Posting Account
00-10502,Internal DIT - F&B,Posting Account
00-10503,Internal DIT - Retail,Posting Account
00-10504,Internal DIT - Hotel,Posting Account
00-10505,Internal DIT - Other 1,Posting Account
00-11000,Payroll Account-USB 8036,Posting Account
00-11001,TCB - PAYROLL ACCT,Posting Account
00-11002,Depository Account-USB 8028,Posting Account
00-11003,Merchant Acct.  8044,Posting Account
00-11004,Prize Account,Posting Account
00-11005,TCB - AP/ USB HOLIDAY INN,Posting Account
00-11006,USB - Operating 8051,Posting Account
00-11007,TCB - GENERAL ACCT,Posting Account
00-11008,Pinnacle Debt Service Reserve,Posting Account
00-11009,Savings Account-Bank 2,Posting Account
00-11010,Flexible Savings-Bank 2,Posting Account
00-11011,Savings Account-Bank 3,Posting Account
00-11012,Credit Card Clearing,Posting Account
00-11013,Bank Account Clearing,Posting Account
00-11014,Cash Clearing,Posting Account
00-12000,A/R Related Companies,Posting Account
00-12001,A/R Employees,Posting Account
00-12002,A/R Employee Group Insurance,Posting Account
00-12003,A/R Catering,Posting Account
00-12004,A/R Hotel,Posting Account
00-12005,A/R Hotel Deposit Ledger,Posting Account
00-12006,A/R Other,Posting Account
00-12007,Allowance for Doubtful Accts,Posting Account
00-12008,A/R Global e-checks,Posting Account
00-12009,City Ledger,Posting Account
00-12010,A/R ATM,Posting Account
00-12011,Accounts Rec - Credit Cards Tobacco,Posting Account
00-12012,Accounts Rec-Credit Cards F&B,Posting Account
00-12013,Accounts Rec - Credit Cards Hotel,Posting Account
00-12014,Admin-A/R Credit Cards VC,Posting Account
00-12015,Admin-A/R Tribe,Posting Account
00-12016,AccRec Credit Card Otter Creek,Posting Account
00-13000,Inv Restaurant F & B,Posting Account
00-13002,Inv F&B - Cafe,Posting Account
00-13003,Inv F&B - The Deli,Posting Account
00-13004,Inv F&B - EDR,Posting Account
00-13005,Inv F&B - Catering,Posting Account
00-13006,Inv F&B - Room Svc,Posting Account
00-13007,Inv F&B - Bakery,Posting Account
00-13008,Inv Bev - Resort,Posting Account
00-13009,Inv Alcohol,Posting Account
00-13010,Inv Alcohol - Other 1,Posting Account
00-13011,Inv Alcohol - Other 2,Posting Account
00-13012,Inv Alcohol - Catering,Posting Account
00-13013,Inv Alcohol - Room Svc,Posting Account
00-13014,Inventory Liquor,Posting Account
00-13015,Inventory IT- Computers Hotel/Casino,Posting Account
00-13016,Inventory IT- Computers Hotel/Casino,Posting Account
00-13017,Inventory IT- Printers Hotel/Casino,Posting Account
00-13018,Inventory IT- Printers Hotel/Casino,Posting Account
00-13019,Inventory IT- Other 1,Posting Account
00-13020,Inv Retail - Sundries,Posting Account
00-13021,Inv Retail - Gift Shop Storage,Posting Account
00-13022,Inv Retail -,Posting Account
00-13023,Inventory Hotel,Posting Account
00-13024,Inv Retail-Hotel/Casino BOH,Posting Account
00-13025,Inv Tobacco - Cigarettes,Posting Account
00-13026,Inv Tobacco - Cigars,Posting Account
00-13027,Inv Tobacco - Snuff,Posting Account
00-13028,Inv Tobacco - Chew,Posting Account
00-13029,Inventory Promotions,Posting Account
00-13030,Inventory Uniforms,Posting Account
00-13031,Inventory Supplies,Posting Account
00-13032,Inventory Stock - China/Glass,Posting Account
00-13033,Inventory Stock - Silverwear,Posting Account
00-13034,Inventory Stock - Linen,Posting Account
00-13035,Inventory Stock - Towels,Posting Account
00-13036,Inventory Stock - Uniforms,Posting Account
00-13037,Inventory Stock - Other,Posting Account
00-13038,Admin-Hotel,Posting Account
00-13039,Admin-Hotel,Posting Account
00-13040,Admin-Hotel,Posting Account
00-13041,Admin-Hotel,Posting Account
00-13042,Admin-Hotel,Posting Account
00-13043,Admin-Gift Shop,Posting Account
00-13044,Admin-Gift Shop,Posting Account
00-13045,Admin-Gift Shop,Posting Account
00-13046,Admin-Special Events,Posting Account
00-14000,Prepaid State Fees,Posting Account
00-14001,Prepaid Regulatory Fees-ShortT,Posting Account
00-14002,Prepaid Regulatory Fees-Long T,Posting Account
00-14003,Prepaid Loan Costs-Hotel,Posting Account
00-14004,Prepaid Insurance,Posting Account
00-14005,Prepaid Printing,Posting Account
00-14006,Prepaid Service Contracts,Posting Account
00-14007,Prepaid Postage,Posting Account
00-14008,Prepaid Travel,Posting Account
00-14009,Prepaid Other,Posting Account
00-14010,Prepaid Licences,Posting Account
00-14011,Prepaid Comps,Posting Account
00-14012,Prepaid Clearing,Posting Account
00-14013,Prepaid Advertising,Posting Account
00-14014,Prepaid Trade Show,Posting Account
00-14015,Prepaid Trade Show-Advances,Posting Account
00-14016,Prepaid Audit Fees,Posting Account
00-14017,Prepaid Marketing,Posting Account
00-14018,Prepaid Rent,Posting Account
00-14019,Prepaid Health-Dental Insurance,Posting Account
00-15000,Hotel Guest Ledger,Posting Account
00-15001,Deposits,Posting Account
00-15002,Pre-Opening Expenses,Posting Account
00-15003,Pre-Opening F&B,Posting Account
00-15004,Pre-Opening Marketing,Posting Account
00-16000,Other Assets-China,Posting Account
00-16001,Other Assets-Linens,Posting Account
00-16002,Other Assets-Supplies,Posting Account
00-16003,Other Assets-Uniforms,Posting Account
00-16004,Other Assets-Prepd Loan Costs,Posting Account
00-16005,SWAP Deferred Charges,Posting Account
00-16006,Intangible Assets,Posting Account
00-16007,Refurbishment in Progress,Posting Account
00-16008,Refurbishment - Slots,Posting Account
00-16009,Refurbishment - On Line System,Posting Account
00-16010,Structure in Progess - WWTP,Posting Account
00-16011,Construction In Progress,Posting Account
00-16012,Other Assets,Posting Account
00-17000,Fixed Assets Cip Maintenance,Posting Account
00-17001,Land Improvements,Posting Account
00-17005,Building- Hotel/Casino,Posting Account
00-17006,Building Improvements,Posting Account
00-17010,Capital Lease-Building,Posting Account
00-18000,Fixed Asset Clearing,Posting Account
00-18001,Fixed Assets CIP,Posting Account
00-18003,Admin-Storage Units,Posting Account
00-18004,Admin-Equipment,Posting Account
00-18005,"F, F & E-Gaming",Posting Account
00-18006,"F, F & E",Posting Account
00-18008,"Admin-F, F & E",Posting Account
00-18009,Artwork,Posting Account
00-18011,Computer Equipment,Posting Account
00-18012,Admin-Computer Software,Posting Account
00-18013,Telephone System,Posting Account
00-18014,Admin-Signage,Posting Account
00-18017,Other Tangible Fixed Assets,Posting Account
00-18020,Vehicles,Posting Account
00-18022,Vehicles-Maintenance,Posting Account
00-19000,Accum Depr - Land Impr,Posting Account
00-19001,Accum Depr - Building,Posting Account
00-19002,Accum Depr - Building Impr,Posting Account
00-19003,Accum Depr - Equipment,Posting Account
00-19004,Accum Depr- Software,Posting Account
00-19005,Accum Depr - Telephone,Posting Account
00-19006,"Accum Depr - F,F & E",Posting Account
00-19007,Accum Depr - Computer Equipment,Posting Account
00-19008,Accum Depr - Signage,Posting Account
00-19009,Accum Depr - Vehicles,Posting Account
00-19010,Accum Depr - Artwork,Posting Account
00-19011,Accumulated Depreciation- Gaming Equipment,Posting Account
00-20000,A/P Trade,Posting Account
00-20001,A/P MMS Accruals,Posting Account
00-20002,A/P Accrued Expenses,Posting Account
00-20003,A/P Accrued Expenses-Palace We,Posting Account
00-20004,A/P Golf Course Fees,Posting Account
00-20005,Note Payable- OTHER,Posting Account
00-20011,Credit Card Payable US Bank 3827,Posting Account
00-20012,Credit Card Payable US Bank 9257,Posting Account
00-21000,Accrued Interest,Posting Account
00-21001,Customer Refunds Due,Posting Account
00-21002,Wide Area Progr Contr To Sodak,Posting Account
00-21003,Contract Liability,Posting Account
00-21004,Accrued Payroll,Posting Account
00-21005,Accrued Employee Refunds,Posting Account
00-21006,Accrued Incentive Comp,Posting Account
00-21007,Accrued PTO,Posting Account
00-21008,Accrued Federal Income Tax,Posting Account
00-21009,Accrued State Income Tax,Posting Account
00-21010,Accrued Fica,Posting Account
00-21011,Accrued Futa,Posting Account
00-21012,Accrued SUI,Posting Account
00-21013,Sales Tax Due,Posting Account
00-21014,Lodging Tax Due,Posting Account
00-21015,Accrued Health Insurance,Posting Account
00-21016,Accrued Dental Insurance,Posting Account
00-21017,Accrued Vision Insurance,Posting Account
00-21018,Accrued Life Insurance,Posting Account
00-21019,Accrued Disability Ins,Posting Account
00-21020,Accrued PR Deductions,Posting Account
00-21021,Accrued EAP,Posting Account
00-21022,Flexible Spending Withheld,Posting Account
00-21023,401(K) Employee,Posting Account
00-21024,Accrued Garnishment,Posting Account
00-21025,Accrued Supplemental Insure,Posting Account
00-21026,Accrued Investigation Fees,Posting Account
00-21027,Accrued W/C Fee,Posting Account
00-21028,Accrued 401(K) Contrib/Match,Posting Account
00-21029,Accrued Workers Comp,Posting Account
00-21030,Accrued-Retired Slot Liabilities,Posting Account
00-21031,Accrued In House Progressives,Posting Account
00-21032,Accrued Slots Contributions,Posting Account
00-21033,Slot Liabilities PW,Posting Account
00-21034,Gift Card Liability,Posting Account
00-21035,Accrued VIP Points,Posting Account
00-21036,Accrued 1042 Taxes,Posting Account
00-21037,Accrued W2G Taxes,Posting Account
00-21038,Accrued NIGC Fees,Posting Account
00-21039,Accrued Arcade Liability,Posting Account
00-21040,Accrued Revenue Sharing,Posting Account
00-21041,Accrued Regulatory Fees,Posting Account
00-21042,Accrued Responsible Gaming Fee,Posting Account
00-21043,Accrued Audit Fees,Posting Account
00-21044,Accrued Legal/Financial Fees,Posting Account
00-21045,Slot Ticket Liability,Posting Account
00-21046,Jackpot Safekeeping,Posting Account
00-21047,Accrued Workers Comp,Posting Account
00-21048,Banquet Deposits,Posting Account
00-21049,Hotel Deposits,Posting Account
00-21050,Accrued Slots Tips,Posting Account
00-21051,Accrued Food & Beverage Tips,Posting Account
00-21052,Accrued Gift Shop Tips,Posting Account
00-21053,Accrued Customer Service,Posting Account
00-21054,Accrued Cage Tips,Posting Account
00-21055,Accrued Tips,Posting Account
00-21056,Unearned Revenue-Entertaintain,Posting Account
00-21057,Unearned Revenue-Hotel,Posting Account
00-21058,Cigarette Tax Due,Posting Account
00-21059,Unclaimed Property Liability,Posting Account
00-21060,Hotel-,Posting Account
00-21061,Admin-Player's Club,Posting Account
00-21062,Admin-State Sales Tax,Posting Account
00-22000,TERO TAX PAYABLE,Posting Account
00-23000,Short Term Note -,Posting Account
00-23001,Current Portion Note -,Posting Account
00-23002,Current Portion Capital Lease,Posting Account
00-23004,Admin-Current Portion Note Payable,Posting Account
00-24000,Due To Related Parties,Posting Account
00-24001,Due To- YEDC,Posting Account
00-24002,Admin-Due To Yurok Tribe,Posting Account
00-25000,SWAP Liability,Posting Account
00-25001,Long Term Note - 1,Posting Account
00-25002,Long Term Note - 2,Posting Account
00-25003,Long Term Capital Lease,Posting Account
00-30000,Contributed Capital,Posting Account
00-30001,Capital Tribe,Posting Account
00-30002,Drawing Tribe,Posting Account
00-30003,Prior Period Adjustment,Posting Account
00-30004,Retained Earnings,Posting Account
00-30005,Net Income Current Year,Posting Account
00-40050,Admin-Misc Income,Posting Account
00-49510,Reimbursement Revenue-Admin,Posting Account
00-60001,Admin -Regular Wages,Posting Account
00-60003,Admin-PTO,Posting Account
00-60010,Admin Social Security Taxes,Posting Account
00-60011,Admin-Medicare Taxes,Posting Account
00-60012,Admin-SUTA Expense,Posting Account
00-60013,Admin-Workers Comp Expense,Posting Account
00-60014,Admin-Group Insurance - Health,Posting Account
00-60019,Admin-Employee Activities,Posting Account
00-62000,Admin-Advertising-Print and Art,Posting Account
00-62003,Admin-Advertising-Billboard,Posting Account
00-62008,Admin-Production-Print,Posting Account
00-62011,Admin-Production-Billboard,Posting Account
00-62013,Admin-Production-Website,Posting Account
00-62017,Admin-Special Events,Posting Account
00-67000,Admin-Travel Expense,Posting Account
00-67002,Admin-Training and Education,Posting Account
00-67005,Admin-Meals and Entertainment,Posting Account
00-68002,Admin-Professional Services,Posting Account
00-68003,Admin-Maintenance Contracts,Posting Account
00-68004,Admin- Bank Fees,Posting Account
00-69001,Admin-Insurance-Property,Posting Account
00-69002,Admin-Insurance-Liability,Posting Account
00-69003,Admin-Insurance-Crime,Posting Account
00-72000,Admin-RandM,Posting Account
00-72001,Admin-RandM - Equipment,Posting Account
00-75000,UTILITIES- CABLE TV,Posting Account
00-75001,Admin-Utilities,Posting Account
00-75002,Admin-Fuel/Propane,Posting Account
00-75005,Admin-Telephone Expense,Posting Account
00-75006,Admin-INTERNET EXPENSE,Posting Account
00-77002,Admin-Licenses and Fees,Posting Account
00-79003,Credit Card Fees-ADMIN,Posting Account
00-79004,Bank Service Fee,Posting Account
00-81003,Admin-Supplies,Posting Account
00-81004,Supplies-Cleaning,Posting Account
00-81008,Admin-Supplies,Posting Account
00-85000,Admin-Printing/Forms,Posting Account
00-85002,Admin-Equipment Lease and Rental,Posting Account
00-89000,Admin-Dues and Subscriptions,Posting Account
00-89001,Admin-Donations,Posting Account
00-89003,Admin-Tribal Directed Events,Posting Account
00-89011,Admin-Employee Appreciation,Posting Account
00-89018,Admin-Fines and Penalties,Posting Account
00-89031,Admin-Amortization Expense,Posting Account
00-89033,Admin-Interest Expense,Posting Account
00-89034,Admin- MISC EXPENSE,Posting Account
00-90000,Admin-Attendant Payouts,Posting Account
00-90001,Admin-Attendant Payouts Offset,Posting Account
00-90002,Admin-Carded Play (Coin,Posting Account
00-90003,Admin-Carded Play (Coin,Posting Account
00-90004,Admin-Stat. Meter,Posting Account
00-90005,Admin-Stat. Meter,Posting Account
00-90006,Admin-EGM Coin In,Posting Account
00-90007,Admin-EGM Coin In Offset,Posting Account
00-90008,Admin-EGM Machine Count,Posting Account
00-90009,Admin-EGM Machine Count Offset,Posting Account
00-90010,Admin-EGM Drop,Posting Account
00-90011,Admin-EGM Drop Offset,Posting Account
00-90012,Admin-EGM Net Win,Posting Account
00-90013,Admin-EGM Net Win Offet,Posting Account
00-90014,Admin-F&B Checks,Posting Account
00-90015,Admin-F&B Checks Offset,Posting Account
00-90016,Admin-F&B Revenue,Posting Account
00-90017,Admin-F&B Revenue Offset,Posting Account
00-90018,Admin-Machine # Statistical info,Posting Account
00-90019,Admin-Machine # Statistical offset,Posting Account
00-90020,Admin-Room Revenue,Posting Account
00-90021,Admin-Room Revenue offset,Posting Account
00-90022,Admin-Rooms,Posting Account
00-90023,Admin-Rooms Offset,Posting Account
00-90024,Admin-Room Total,Posting Account
00-90025,Admin-Room Total Offset,Posting Account
00-90026,Admin-Theoretical Hold,Posting Account
00-90027,Admin-Theoretical Hold Offset,Posting Account
01-18006,"F, F & E - HOTEL",Posting Account
01-40000,Slot In House Prog,Posting Account
01-40001,Slot Participation,Posting Account
01-40002,Slot Jackpots,Posting Account
01-40003,Slot Promo Players Club,Posting Account
01-40004,Slot VIP E-Cash,Posting Account
01-40005,Slot Revenue,Posting Account
01-40006,Slot Expired Tickets,Posting Account
01-40007,E-Promo Coupons,Posting Account
01-40008,Revenue,Posting Account
01-40009,Revenue,Posting Account
01-40010,Revenue,Posting Account
01-40011,Slots- Equipment Test Receipts,Posting Account
01-40050,Misc Income,Posting Account
01-43003,Slots-Alcohol Sales,Posting Account
01-49500,Slots-Other Income,Posting Account
01-50000,Slots-Food,Posting Account
01-51000,Slots-Beverage,Posting Account
01-52000,Slots-Alcohol,Posting Account
01-57000,Slots-Soft Goods,Posting Account
01-57001,Slots-Soft Goods,Posting Account
01-58000,Slot Promo Dollars Played,Posting Account
01-60000,Salaries,Posting Account
01-60001,Regular Wages,Posting Account
01-60002,Overtime,Posting Account
01-60003,PTO,Posting Account
01-60004,Bereavement Pay,Posting Account
01-60005,Jury Duty,Posting Account
01-60006,Commissions,Posting Account
01-60007,Training Wages,Posting Account
01-60008,Wages-Other,Posting Account
01-60009,Futa Expense,Posting Account
01-60010,Social Security Taxes,Posting Account
01-60011,Medicare Taxes,Posting Account
01-60012,SUTA Expense,Posting Account
01-60013,Workers Comp Expense,Posting Account
01-60014,Group Insurance - Health,Posting Account
01-60015,Group Insurance - Life,Posting Account
01-60016,Employee Pension,Posting Account
01-60017,Employee Meals,Posting Account
01-60018,Employee Relations,Posting Account
01-60019,Employee Activities,Posting Account
01-62000,Slots-Advertising-Print and Art,Posting Account
01-62002,Slots-Advertising-Radio,Posting Account
01-62003,Slots-Advertising-Billboard,Posting Account
01-62005,Slots-Advertising-Web Site,Posting Account
01-62006,Slots-Advertising-Direct Mail,Posting Account
01-62012,Slots-Production-Direct Mail,Posting Account
01-62014,Slots-Flowers/Decorations,Posting Account
01-62015,Slots-Promotion Giveaways,Posting Account
01-62017,Slots-Special Events,Posting Account
01-64000,Slot Payouts,Posting Account
01-64001,Slot Participation- Vendor %,Posting Account
01-64002,Customer Service,Posting Account
01-64003,Slot Conversions,Posting Account
01-64004,E-Games Variance (Machine Ticket Payout),Posting Account
01-64005,Commissions,Posting Account
01-64050,Progressive Net Change,Posting Account
01-67000,Travel Expense,Posting Account
01-67001,Travel Expense - NonEmp,Posting Account
01-67002,Training and Education,Posting Account
01-67003,Training and Education,Posting Account
01-67004,Employee Recruiting,Posting Account
01-67005,Meals and Entertainment,Posting Account
01-68000,Contract/Temp Labor,Posting Account
01-68002,Professional Services,Posting Account
01-68003,Maintenance Contracts,Posting Account
01-69001,Slots-Insurance-Property,Posting Account
01-69002,Slots-Insurance-Liability,Posting Account
01-69003,Slots-Insurance-Crime,Posting Account
01-71000,Building Lease,Posting Account
01-71001,Equipment Lease and Rental,Posting Account
01-71002,Storage Unit Rental,Posting Account
01-72000,RandM - Building,Posting Account
01-72001,RandM - Equipment,Posting Account
01-72002,RandM - Grounds,Posting Account
01-72003,RandM - Computer,Posting Account
01-72004,RandM - Vehicles,Posting Account
01-72005,RandM - Surveillance,Posting Account
01-74000,Intercompany Comps,Posting Account
01-74001,FandB Comps,Posting Account
01-74002,Hotel Comps,Posting Account
01-74003,Box Office Expense,Posting Account
01-74004,Intercompany Expense,Posting Account
01-75000,Utilities - Cable TV,Posting Account
01-75001,Utilities-Electric,Posting Account
01-75002,Fuel/Propane,Posting Account
01-75003,Sewer/ Sanitary and Trash,Posting Account
01-75004,Cellular Phones,Posting Account
01-75005,Telephone Expense,Posting Account
01-75006,Slots-INTERNET EXPENSE,Posting Account
01-77002,Slots-Licenses and Fees,Posting Account
01-77006,Slots-Equipment Test Disbursement,Posting Account
01-79001,Cash Short (Over),Posting Account
01-79002,Slots-Armored Car Services,Posting Account
01-81003,Supplies-Office,Posting Account
01-81004,Supplies-Cleaning,Posting Account
01-81006,Supplies-Gaming,Posting Account
01-81008,Supplies-Other,Posting Account
01-85000,Printing/Forms,Posting Account
01-85001,Uniforms,Posting Account
01-85002,Equipment Lease and Rental,Posting Account
01-85003,Small Tools and Equipment,Posting Account
01-85004,Postage and Freight,Posting Account
01-85005,Linen/Laundry Service,Posting Account
01-89000,Dues and Subscriptions,Posting Account
01-89003,Tribal Directed Events,Posting Account
01-89008,Over / Short,Posting Account
01-89011,Employee Appreciation,Posting Account
01-89036,Slots-Gaming Commission Fees,Posting Account
01-90000,Slots-Attendant Payouts,Posting Account
01-90001,Slots-Attendant Payouts O,Posting Account
01-90002,Slots-Carded Play (Coin-in),Posting Account
01-90003,Slots-Carded Play (Coin-in) Offset,Posting Account
01-90004,Slots-Stat. Meter - Coin Out,Posting Account
01-90005,Slots-Stat. Meter - Coin Out O,Posting Account
01-90006,Slots-EGM Coin In,Posting Account
01-90007,Slots-EGM Coin In Offset,Posting Account
01-90008,Slots-EGM Machine Count,Posting Account
01-90009,Slots-EGM Machine Count Offset,Posting Account
01-90010,Slots-EGM Drop,Posting Account
01-90011,Slots-EGM Drop Offset,Posting Account
01-90012,Slots-EGM Net Win,Posting Account
01-90013,Slots-EGM Net Win Offet,Posting Account
01-90018,Slots-F&B Revenue Offset,Posting Account
01-90019,Slots-Machine # Statistical info,Posting Account
20-13000,Hotel-Inv F&B - Prep Kitchen,Posting Account
20-13023,Hotel-Inv Retail-Hotel/Casino Floor,Posting Account
20-13024,Hotel-Inv Retail-Hotel/Casino BOH,Posting Account
20-13031,Hotel-Inventory Supplies,Posting Account
20-13036,Hotel-Inventory Stock - Uniforms,Posting Account
20-13037,Hotel-Inventory Stock - Other,Posting Account
20-13041,Hotel-Hotel-Inventory Supplies,Posting Account
20-18006,"Hotel-F, F & E-Hotel",Posting Account
20-21059,Hotel-,Posting Account
20-23004,Hotel-Current Portion Note Payable,Posting Account
20-25001,Hotel-Long Term Note - 1,Posting Account
20-25004,Hotel-Long Term Note Payable,Posting Account
20-42000,Room Revenue,Posting Account
20-42001,Banquet Room Revenue,Posting Account
20-42002,Comp Room Revenue,Posting Account
20-42003,Guest Laundry Revenue,Posting Account
20-42004,In Room Movies/Entertainment R,Posting Account
20-42005,Internet Service Revenue,Posting Account
20-42006,Telephone Revenue,Posting Account
20-42007,Misc Room Revenue,Posting Account
20-49000,Commission Income-Hotel,Posting Account
20-50000,Hotel-Food,Posting Account
20-51000,Hotel-Beverage,Posting Account
20-57000,Hotel-Royalty Fees,Posting Account
20-57001,Hotel-Soft Goods,Posting Account
20-58000,Hotel-Other-Sundries,Posting Account
20-58001,Hotel Other Sundries,Posting Account
20-60000,Salaries,Posting Account
20-60001,Regular Wages,Posting Account
20-60002,Overtime,Posting Account
20-60003,PTO,Posting Account
20-60004,Bereavement Pay,Posting Account
20-60005,Jury Duty,Posting Account
20-60006,Commissions,Posting Account
20-60007,Training Wages,Posting Account
20-60008,Wages-Other,Posting Account
20-60009,FUTA Expense,Posting Account
20-60010,Social Security Taxes,Posting Account
20-60011,Medicare Taxes,Posting Account
20-60012,SUTA Expense,Posting Account
20-60013,Workers Comp Expense,Posting Account
20-60014,Group Insurance - Health,Posting Account
20-60015,Group Insurance - Life,Posting Account
20-60016,Employee Pension,Posting Account
20-60017,Employee Meals,Posting Account
20-60018,Employee Relations,Posting Account
20-60019,Employee Activities,Posting Account
20-62000,Hotel-Advertising-Print and Art,Posting Account
20-62002,Hotel-Advertising-Radio,Posting Account
20-62003,Hotel-Advertising-Billboard,Posting Account
20-62005,Hotel-Advertising-Web Site,Posting Account
20-62014,Flowers/Decorations,Posting Account
20-62017,Hotel-Special Events,Posting Account
20-64002,Customer Service,Posting Account
20-65000,"Hotel-Furniture Fixtures<5,000",Posting Account
20-67000,Travel Expense,Posting Account
20-67001,Travel Expense - NonEmp,Posting Account
20-67002,Training and Education,Posting Account
20-67003,Training and Education,Posting Account
20-67004,Employee Recruiting,Posting Account
20-67005,Meals and Entertainment,Posting Account
20-68000,Contract/Temp Labor,Posting Account
20-68001,Agent Commissions,Posting Account
20-68002,Professional Services,Posting Account
20-68003,Maintenance Contracts,Posting Account
20-68004,Hotel- BANK FEES,Posting Account
20-69001,Hotel-Insurance-Property,Posting Account
20-69002,Hotel-Insurance-Liability,Posting Account
20-69003,Hotel-Insurance-Crime,Posting Account
20-71000,Building Lease,Posting Account
20-71001,Equipment Lease and Rental,Posting Account
20-71002,Storage Unit Rental,Posting Account
20-71007,Hotel Breakfast Bar Food,Posting Account
20-72000,RandM - Building,Posting Account
20-72001,RandM - Equipment,Posting Account
20-72002,RandM - Grounds,Posting Account
20-72003,RandM - Computer,Posting Account
20-72004,RandM - Vehicles,Posting Account
20-72005,RandM - Surveillance,Posting Account
20-74000,Intercompany Comps,Posting Account
20-74001,FandB Comps,Posting Account
20-74002,Hotel Comps,Posting Account
20-74003,Utilities - Hotel,Posting Account
20-74004,Intercompany Expense,Posting Account
20-75000,Utilities - Cable TV,Posting Account
20-75001,Utilities-Electric,Posting Account
20-75002,Fuel/Propane,Posting Account
20-75003,Sewer/ Sanitary and Trash,Posting Account
20-75004,Cellular Phones,Posting Account
20-75005,Telephone Expense,Posting Account
20-75006,Hotel-INTERNET EXPENSE,Posting Account
20-77002,Hotel-Licenses and Fees,Posting Account
20-79001,Cash Short (Over),Posting Account
20-79002,Hotel-Armored Car Services,Posting Account
20-79003,Hotel-Credit Card Fees,Posting Account
20-81003,Supplies-Office,Posting Account
20-81004,Supplies-Cleaning,Posting Account
20-81005,Supplies-Linen/Laundry,Posting Account
20-81006,Hotel-Supplies-Gaming,Posting Account
20-81007,Supplies - China/Glass/Svware,Posting Account
20-81008,Supplies-Other,Posting Account
20-81009,Supplies-Room Condements,Posting Account
20-85000,Printing/Forms,Posting Account
20-85001,Uniforms,Posting Account
20-85002,Equipment Lease and Rental,Posting Account
20-85003,Small Tools and Equipment,Posting Account
20-85004,Postage and Freight,Posting Account
20-85005,Linen/Laundry Service,Posting Account
20-89000,Dues and Subscriptions,Posting Account
20-89003,Tribal Directed Events,Posting Account
20-89006,Bad Debt Expense,Posting Account
20-89007,Assessments and Taxes,Posting Account
20-89008,Over / Short,Posting Account
20-89011,Employee Appreciation,Posting Account
20-89012,Consignment Sales Due,Posting Account
20-89033,Hotel-Interest Expense,Posting Account
20-90020,Hotel-Room Revenue,Posting Account
20-90021,Hotel-Room Revenue Offset,Posting Account
20-90022,Hotel-Room,Posting Account
20-90023,Hotel-Rooms Offset,Posting Account
23-60000,Salaries,Posting Account
23-60001,Regular Wages,Posting Account
23-60002,Overtime,Posting Account
23-60003,PTO,Posting Account
23-60004,Bereavement Pay,Posting Account
23-60005,Jury Duty,Posting Account
23-60006,Commissions,Posting Account
23-60007,Training Wages,Posting Account
23-60008,Wages-Other,Posting Account
23-60009,FUTA Expense,Posting Account
23-60010,Social Security Taxes,Posting Account
23-60011,Medicare Taxes,Posting Account
23-60012,SUTA Expense,Posting Account
23-60013,Workers Comp Expense,Posting Account
23-60014,Group Insurance - Health,Posting Account
23-60015,Group Insurance - Life,Posting Account
23-60016,Employee Pension,Posting Account
23-60017,Employee Meals,Posting Account
23-60018,Employee Relations,Posting Account
23-60019,Employee Activities,Posting Account
23-62014,Flowers/Decorations,Posting Account
23-64002,Customer Service,Posting Account
23-67000,Travel Expense,Posting Account
23-67001,Travel Expense - NonEmp,Posting Account
23-67002,Training and Education,Posting Account
23-67003,Training and Education,Posting Account
23-67004,Employee Recruiting,Posting Account
23-67005,Meals and Entertainment,Posting Account
23-68000,Contract/Temp Labor,Posting Account
23-68001,Agent Commissions,Posting Account
23-68002,Professional Services,Posting Account
23-68003,Maintenance Contracts,Posting Account
23-71000,Building Lease,Posting Account
23-71001,Equipment Lease and Rental,Posting Account
23-71002,Storage Unit Rental,Posting Account
23-72000,RandM - Building,Posting Account
23-72001,RandM - Equipment,Posting Account
23-72002,RandM - Grounds,Posting Account
23-72003,RandM - Computer,Posting Account
23-72004,RandM - Vehicles,Posting Account
23-72005,RandM - Surveillance,Posting Account
23-74000,Intercompany Comps,Posting Account
23-74001,FandB Comps,Posting Account
23-74002,Hotel Comps,Posting Account
23-74003,Box Office Expense,Posting Account
23-74004,Intercompany Expense,Posting Account
23-75000,UTILITIES- CABLE TV,Posting Account
23-75001,Utilities-Electric,Posting Account
23-75002,Fuel/Propane,Posting Account
23-75003,Sewer/ Sanitary and Trash,Posting Account
23-75004,Cellular Phones,Posting Account
23-75005,Telephone Expense,Posting Account
23-79001,Cash Short (Over),Posting Account
23-81003,Supplies-Office,Posting Account
23-81004,Supplies-Cleaning,Posting Account
23-81005,Supplies-Linen/Laundry,Posting Account
23-81007,Supplies - China/Glass/Svware,Posting Account
23-81008,Supplies-Other,Posting Account
23-85000,Printing/Forms,Posting Account
23-85001,Uniforms,Posting Account
23-85002,Equipment Lease and Rental,Posting Account
23-85003,Small Tools and Equipment,Posting Account
23-85004,Postage and Freight,Posting Account
23-85005,Linen/Laundry Service,Posting Account
23-89000,Dues and Subscriptions,Posting Account
23-89003,Tribal Directed Events,Posting Account
23-89006,Bad Debt Expense,Posting Account
23-89007,Assessments and Taxes,Posting Account
23-89008,Over / Short,Posting Account
23-89011,Employee Appreciation,Posting Account
25-13022,Gift Shop-Inv Retail - Boutique,Posting Account
25-13024,Gift Shop-Inv Retail-Hotel/Casino BOH,Posting Account
25-13037,Gift Shop-Inventory Stock - Other,Posting Account
25-13043,Gift Shop-Gift Shop-Inv Retail-Boutique,Posting Account
25-44000,Gifts and Accessories Sales,Posting Account
25-44001,Tobacco Sales,Posting Account
25-44002,Apparel Sales,Posting Account
25-44003,Jewelry Sales,Posting Account
25-44004,Sundries/Perishable Sales,Posting Account
25-44005,Literature/Periodical Sales,Posting Account
25-44006,Consignment Sales,Posting Account
25-44007,Misc Revenue,Posting Account
25-45000,Merchandise Sales,Posting Account
25-45001,Event Ticket Sales,Posting Account
25-45002,Event Comp Ticket Sales,Posting Account
25-50000,Gift Shop-Food,Posting Account
25-51000,Gift Shop-Beverage,Posting Account
25-53000,Spoilage Gift Shop,Posting Account
25-54000,Jewelry,Posting Account
25-55000,Merchandise,Posting Account
25-56000,Tobacco,Posting Account
25-57000,Soft Goods,Posting Account
25-58000,Other,Posting Account
25-59000,Apparel COS,Posting Account
25-60000,Salaries,Posting Account
25-60001,Regular Wages,Posting Account
25-60002,Overtime,Posting Account
25-60003,PTO,Posting Account
25-60004,Bereavement Pay,Posting Account
25-60005,Jury Duty,Posting Account
25-60006,Commissions,Posting Account
25-60007,Training Wages,Posting Account
25-60008,Wages-Other,Posting Account
25-60009,Payroll Allocation,Posting Account
25-60010,Social Security Taxes,Posting Account
25-60011,Medicare Taxes,Posting Account
25-60012,SUTA Expense,Posting Account
25-60013,Workers Comp Expense,Posting Account
25-60014,Group Insurance - Health,Posting Account
25-60015,Group Insurance - Life,Posting Account
25-60016,Employee Pension,Posting Account
25-60017,Employee Meals,Posting Account
25-60018,Employee Relations,Posting Account
25-60019,Employee Activities,Posting Account
25-62014,Flowers/Decorations,Posting Account
25-64002,Customer Service,Posting Account
25-67000,Travel Expense,Posting Account
25-67001,Travel Expense - NonEmp,Posting Account
25-67002,Training and Education,Posting Account
25-67003,Training and Education,Posting Account
25-67004,Employee Recruiting,Posting Account
25-67005,Meals and Entertainment,Posting Account
25-68000,Contract/Temp Labor,Posting Account
25-68001,Agent Commissions,Posting Account
25-68002,Professional Services,Posting Account
25-68003,Maintenance Contracts,Posting Account
25-71000,Building Lease,Posting Account
25-71001,Equipment Lease and Rental,Posting Account
25-71002,Storage Unit Rental,Posting Account
25-72000,RandM - Building,Posting Account
25-72001,RandM - Equipment,Posting Account
25-72002,RandM - Grounds,Posting Account
25-72003,RandM - Computer,Posting Account
25-72004,RandM - Vehicles,Posting Account
25-72005,RandM - Surveillance,Posting Account
25-74000,Intercompany Comps,Posting Account
25-74001,FandB Comps,Posting Account
25-74002,Hotel Comps,Posting Account
25-74003,Box Office Expense,Posting Account
25-74004,Intercompany Expense,Posting Account
25-75000,UTILITIES- CABLE TV,Posting Account
25-75001,Utilities-Electric,Posting Account
25-75002,Fuel/Propane,Posting Account
25-75003,Sewer/ Sanitary and Trash,Posting Account
25-75004,Cellular Phones,Posting Account
25-75005,Telephone Expense,Posting Account
25-79001,Cash Short (Over),Posting Account
25-79003,Credit Card Fees- Otter Creek,Posting Account
25-81003,Supplies-Office,Posting Account
25-81004,Supplies-Cleaning,Posting Account
25-81005,Supplies-Linen/Laundry,Posting Account
25-81007,Supplies - China/Glass/Svware,Posting Account
25-81008,Supplies-Other,Posting Account
25-85000,Printing/Forms,Posting Account
25-85001,Uniforms,Posting Account
25-85002,Equipment Lease and Rental,Posting Account
25-85003,Small Tools and Equipment,Posting Account
25-85004,Postage and Freight,Posting Account
25-85005,Linen/Laundry Service,Posting Account
25-89000,Dues and Subscriptions,Posting Account
25-89003,Tribal Directed Events,Posting Account
25-89006,Bad Debt Expense,Posting Account
25-89007,Assessments and Taxes,Posting Account
25-89008,Over / Short,Posting Account
25-89011,Employee Appreciation,Posting Account
30-12003,Abalone Restaurant/Bar-A/R Catering,Posting Account
30-13000,Abalone Restaurant/Bar-Inv F&B - Prep Kitchen,Posting Account
30-13002,Abalone Restaurant/Bar-Inv F&B - Cafe,Posting Account
30-13005,Abalone Restaurant/Bar-Inv F&B - Catering,Posting Account
30-13008,Abalone Restaurant/Bar-Inv Bev - Resort,Posting Account
30-13009,Abalone Restaurant/Bar-Inv Alcohol - Hotel/Casino,Posting Account
30-13010,Abalone Restaurant/Bar-Inv Alcohol - Other 1,Posting Account
30-13013,Abalone Restaurant/Bar-Inv Alcohol - Room Svc,Posting Account
30-13014,Abalone Restaurant/Bar-Inventory Liquor,Posting Account
30-13033,Abalone Restaurant/Bar-Inventory Stock - Silverwea,Posting Account
30-18004,Abalone Restaurant/Bar-Equipment,Posting Account
30-18006,"Abalone Restaurant/Bar-F, F & E-Hotel",Posting Account
30-21059,Abalone Restaurant/Bar-,Posting Account
30-40050,Abalone Restaurant/Bar-Misc Income,Posting Account
30-43000,Food Sales,Posting Account
30-43001,Comp Food Sales,Posting Account
30-43002,Beverage Sales,Posting Account
30-43003,Alcohol Sales,Posting Account
30-43004,Complimentaries,Posting Account
30-43005,Abalone Restaurant/Bar- Non Alcoholic Drink,Posting Account
30-44007,Abalone Restaurant/Bar:Discounted Food,Posting Account
30-45001,Abalone Restaurant/Bar-Event Ticket Sales,Posting Account
30-46000,Abalone Restaurant/Bar-Catering Revenue,Posting Account
30-47500,Abalone Restaurant/Bar-Discounts,Posting Account
30-50000,Food,Posting Account
30-51000,Beverage,Posting Account
30-52000,Alcohol,Posting Account
30-53000,Spoilage F & B,Posting Account
30-57000,Abalone Restaurant/Bar-Soft Goods,Posting Account
30-57001,Abalone Restaurant/Bar-Soft Goods,Posting Account
30-58000,Abalone Restaurant/Bar Supplies Other,Posting Account
30-60000,Salaries,Posting Account
30-60001,Regular Wages,Posting Account
30-60002,Overtime,Posting Account
30-60003,PTO,Posting Account
30-60004,Bereavement Pay,Posting Account
30-60005,Jury Duty,Posting Account
30-60006,Commissions,Posting Account
30-60007,Training Wages,Posting Account
30-60008,Wages-Other,Posting Account
30-60009,FUTA Expense,Posting Account
30-60010,Social Security Taxes,Posting Account
30-60011,Medicare Taxes,Posting Account
30-60012,SUTA Expense,Posting Account
30-60013,Workers Comp Expense,Posting Account
30-60014,Group Insurance - Health,Posting Account
30-60015,Group Insurance - Life,Posting Account
30-60016,Employee Pension,Posting Account
30-60017,Employee Meals,Posting Account
30-60018,Employee Relations,Posting Account
30-60019,Employee Activities,Posting Account
30-62000,Abalone Restaurant/Bar-Advertising-Print and Art,Posting Account
30-62002,Abalone Restaurant/Bar-Advertising-Radio,Posting Account
30-62003,Abalone Restaurant/Bar-Advertising-Billboard,Posting Account
30-62005,Abalone Restaurant/Bar-Advertising-Web Site,Posting Account
30-62006,Abalone Restaurant/Bar-Advertising-Direct Mail,Posting Account
30-62014,Flowers/Decorations,Posting Account
30-62015,Abalone Restaurant/Bar-Promotion Giveaways,Posting Account
30-62017,Abalone Restaurant/Bar-Special Events,Posting Account
30-62021,Abalone Restaurant/Bar- Coupon Expense,Posting Account
30-64002,Discounts,Posting Account
30-67000,Travel Expense,Posting Account
30-67001,Travel Expense - NonEmp,Posting Account
30-67002,Training and Education,Posting Account
30-67003,Training and Education,Posting Account
30-67004,Employee Recruiting,Posting Account
30-67005,Meals and Entertainment,Posting Account
30-68000,Contract/Temp Labor,Posting Account
30-68002,Professional Services,Posting Account
30-68003,Maintenance Contracts,Posting Account
30-69001,Abalone Restaurant/Bar-Insurance-Property,Posting Account
30-69002,Abalone Restaurant/Bar-Insurance-Liability,Posting Account
30-69003,Abalone Restaurant/Bar-Insurance-Crime,Posting Account
30-71000,Building Lease,Posting Account
30-71001,Equipment Lease and Rental,Posting Account
30-71002,Storage Unit Rental,Posting Account
30-72000,RandM - Building,Posting Account
30-72001,RandM - Equipment,Posting Account
30-72002,RandM - Grounds,Posting Account
30-72003,RandM - Computer,Posting Account
30-72004,RandM - Vehicles,Posting Account
30-72005,RandM - Surveillance,Posting Account
30-74000,Intercompany Comps,Posting Account
30-74001,FandB Comps,Posting Account
30-74002,Hotel Comps,Posting Account
30-74003,Utilities - Water,Posting Account
30-74004,Intercompany Expense,Posting Account
30-75000,Utilities - Cable TV,Posting Account
30-75001,Utilities-Electric,Posting Account
30-75002,Fuel/Propane,Posting Account
30-75003,Sewer/ Sanitary and Trash,Posting Account
30-75004,Cellular Phones,Posting Account
30-75005,Telephone Expense,Posting Account
30-75006,Abalone Restaurant/Bar-INTERNET EXPENSE,Posting Account
30-77002,Abalone Restaurant/Bar-Licenses and Fees,Posting Account
30-79001,Cash Short (Over),Posting Account
30-79002,Abalone Restaurant/Bar-Armored Car Services,Posting Account
30-79003,Abalone Restaurant/Bar-Credit Card Fees,Posting Account
30-81003,Supplies-Office,Posting Account
30-81004,Supplies-Cleaning,Posting Account
30-81005,Supplies-Linen/Laundry,Posting Account
30-81007,Supplies - China/Glass/Svware,Posting Account
30-81008,Supplies-Other,Posting Account
30-85000,Printing/Forms,Posting Account
30-85001,Uniforms,Posting Account
30-85002,Equipment Lease and Rental,Posting Account
30-85003,Small Tools and Equipment,Posting Account
30-85004,Postage and Freight,Posting Account
30-85005,Linen/Laundry Service,Posting Account
30-89000,Dues and Subscriptions,Posting Account
30-89003,Tribal Directed Events,Posting Account
30-89007,Assessments and Taxes,Posting Account
30-89008,Over / Short,Posting Account
30-89011,Employee Appreciation,Posting Account
30-90014,Abalone Restaurant/Bar-F&B Checks,Posting Account
30-90015,Abalone Restaurant/Bar-F&B Checks Offset,Posting Account
30-90016,Abalone Restaurant/Bar-F&B Revenue,Posting Account
30-90017,Abalone Restaurant/Bar-F&B Revenue Offset,Posting Account
41-40003,Mktng Admin-Slot E-Promo,Posting Account
41-60000,Salaries,Posting Account
41-60001,Regular Wages,Posting Account
41-60002,Overtime,Posting Account
41-60003,PTO,Posting Account
41-60004,Bereavement Pay,Posting Account
41-60005,Jury Duty,Posting Account
41-60006,Commissions,Posting Account
41-60007,Training Wages,Posting Account
41-60008,Wages-Other,Posting Account
41-60009,Payroll Allocation,Posting Account
41-60010,Social Security Taxes,Posting Account
41-60011,Medicare Taxes,Posting Account
41-60012,SUTA Expense,Posting Account
41-60013,Workers Comp Expense,Posting Account
41-60014,Group Insurance - Health,Posting Account
41-60015,Group Insurance - Life,Posting Account
41-60016,Employee Pension,Posting Account
41-60017,Employee Meals,Posting Account
41-60018,Employee Relations,Posting Account
41-60019,Employee Activities,Posting Account
41-62000,Advertising-Print and Art,Posting Account
41-62001,Advertising-Television,Posting Account
41-62002,Advertising-Radio,Posting Account
41-62003,Advertising-Billboard,Posting Account
41-62004,Advertising-Production,Posting Account
41-62005,Advertising-Web Site,Posting Account
41-62006,Advertising-Direct Mail,Posting Account
41-62007,Advertising-Consultant,Posting Account
41-62008,Production-Print,Posting Account
41-62009,Production-Television,Posting Account
41-62010,Production-Radio,Posting Account
41-62011,Production-Billboard,Posting Account
41-62012,Production-Direct Mail,Posting Account
41-62013,Production-Website,Posting Account
41-62014,Flowers/Decorations,Posting Account
41-62015,Promotion Giveaways,Posting Account
41-62016,Promotions,Posting Account
41-62017,Special Events,Posting Account
41-62018,Tournament Costs,Posting Account
41-62019,Discounts - F & B,Posting Account
41-62020,Department Promotions,Posting Account
41-62021,E promo Coupon Expense,Posting Account
41-62022,Audio/Visual,Posting Account
41-62023,Box Office Fees,Posting Account
41-62024,Trade Show Registration Fees,Posting Account
41-62025,Entertainment-Talent Fee,Posting Account
41-62026,Entertainment-Lodging,Posting Account
41-62027,Entertainment-Transportation,Posting Account
41-62028,Entertainment-Lounges,Posting Account
41-62029,Entertainment-Production,Posting Account
41-64002,Customer Service,Posting Account
41-67000,Travel Expense,Posting Account
41-67001,Travel Expense - NonEmp,Posting Account
41-67002,Training and Education,Posting Account
41-67003,Training and Education,Posting Account
41-67004,Employee Recruiting,Posting Account
41-67005,Meals and Entertainment,Posting Account
41-68000,Contract/Temp Labor,Posting Account
41-68002,Professional Services,Posting Account
41-68003,Maintenance Contracts,Posting Account
41-71000,Building Lease,Posting Account
41-71001,Equipment Lease and Rental,Posting Account
41-71002,Storage Unit Rental,Posting Account
41-72000,RandM - Building,Posting Account
41-72001,RandM - Equipment,Posting Account
41-72002,RandM - Grounds,Posting Account
41-72003,RandM - Computer,Posting Account
41-72004,RandM - Vehicles,Posting Account
41-72005,RandM - Surveillance,Posting Account
41-74000,Intercompany Comps,Posting Account
41-74001,FandB Comps,Posting Account
41-74002,Hotel Comps,Posting Account
41-74003,Box Office Expense,Posting Account
41-74004,Intercompany Expense,Posting Account
41-75000,UTILITIES- CABLE TV,Posting Account
41-75001,Utilities-Electric,Posting Account
41-75002,Fuel/Propane,Posting Account
41-75003,Sewer/ Sanitary and Trash,Posting Account
41-75004,Cellular Phones,Posting Account
41-75005,Telephone Expense,Posting Account
41-79001,Cash Short (Over),Posting Account
41-81003,Supplies-Office,Posting Account
41-81004,Supplies-Cleaning,Posting Account
41-81005,Supplies-Linen/Laundry,Posting Account
41-81008,Supplies-Other,Posting Account
41-85000,Printing/Forms,Posting Account
41-85001,Uniforms,Posting Account
41-85002,Equipment Lease and Rental,Posting Account
41-85003,Small Tools and Equipment,Posting Account
41-85004,Postage and Freight,Posting Account
41-85005,Linen/Laundry Service,Posting Account
41-89000,Dues and Subscriptions,Posting Account
41-89003,Tribal Directed Events,Posting Account
41-89007,Assessments and Taxes,Posting Account
41-89008,Over / Short,Posting Account
41-89011,Employee Appreciation,Posting Account
42-21055,Player's Club-Accrued Tips,Posting Account
42-43003,Player's Club-Alcohol Sales,Posting Account
42-44001,Player's Club-Tobacco Sales,Posting Account
42-45000,Player's Club-Merchandise Sales,Posting Account
42-47500,Player's Club-Discounts,Posting Account
42-55000,Player's Club-Merchandise,Posting Account
42-56000,Player's Club-Tobacco,Posting Account
42-60001,Player's Club-Regular Wages,Posting Account
42-60002,Player's Club-Overtime,Posting Account
42-60003,Player's Club-PTO,Posting Account
42-60004,Player's Club-Bereavement Pay,Posting Account
42-60010,Player's Club-Social Security Taxes,Posting Account
42-60011,Player's Club-Medicare Taxes,Posting Account
42-60012,Player's Club-SUTA Expense,Posting Account
42-60013,Player's Club-Workers Comp Expense,Posting Account
42-60014,Player's Club-Group Insurance - Health,Posting Account
42-79003,Player's Club-Credit Card Fees,Posting Account
42-81008,Player's Club-Supplies-Other,Posting Account
50-60000,Salaries,Posting Account
50-60001,Regular Wages,Posting Account
50-60002,Overtime,Posting Account
50-60003,PTO,Posting Account
50-60004,Bereavement Pay,Posting Account
50-60005,Jury Duty,Posting Account
50-60006,Commissions,Posting Account
50-60007,Training Wages,Posting Account
50-60008,Wages-Other,Posting Account
50-60009,Payroll Allocation,Posting Account
50-60010,Social Security Taxes,Posting Account
50-60011,Medicare Taxes,Posting Account
50-60012,SUTA Expense,Posting Account
50-60013,Workers Comp Expense,Posting Account
50-60014,Group Insurance - Health,Posting Account
50-60015,Group Insurance - Life,Posting Account
50-60016,Employee Pension,Posting Account
50-60017,Employee Meals,Posting Account
50-60018,Employee Relations,Posting Account
50-60019,Employee Activities,Posting Account
50-62017,HR-Special Events,Posting Account
50-67000,Travel Expense,Posting Account
50-67001,Travel Expense - NonEmp,Posting Account
50-67002,Training and Education,Posting Account
50-67003,Training and Education,Posting Account
50-67004,Employee Recruiting,Posting Account
50-67005,Meals and Entertainment,Posting Account
50-68000,Contract/Temp Labor,Posting Account
50-68002,Professional Services,Posting Account
50-68003,Maintenance Contracts,Posting Account
50-69004,HR-Insurance-Umbrella,Posting Account
50-71000,Building Lease,Posting Account
50-71001,Equipment Lease and Rental,Posting Account
50-71002,Storage Unit Rental,Posting Account
50-72000,RandM - Building,Posting Account
50-72001,RandM - Equipment,Posting Account
50-72002,RandM - Grounds,Posting Account
50-72003,RandM - Computer,Posting Account
50-72004,RandM - Vehicles,Posting Account
50-72005,RandM - Surveillance,Posting Account
50-74000,Intercompany Comps,Posting Account
50-74001,FandB Comps,Posting Account
50-74002,Hotel Comps,Posting Account
50-74003,Box Office Expense,Posting Account
50-74004,Intercompany Expense,Posting Account
50-75000,UTILITIES- CABLE TV,Posting Account
50-75001,Utilities-Electric,Posting Account
50-75002,Fuel/Propane,Posting Account
50-75003,Sewer/ Sanitary and Trash,Posting Account
50-75004,Cellular Phones,Posting Account
50-75005,Telephone Expense,Posting Account
50-77002,HR-Licenses and Fees,Posting Account
50-81003,Supplies-Office,Posting Account
50-81004,Supplies-Cleaning,Posting Account
50-81005,Supplies-Linen/Laundry,Posting Account
50-81006,Supplies-Gaming,Posting Account
50-81007,Supplies - China/Glass/Svware,Posting Account
50-81008,Supplies-Other,Posting Account
50-85000,Printing/Forms,Posting Account
50-85001,Uniforms,Posting Account
50-85002,Equipment Lease and Rental,Posting Account
50-85003,Small Tools and Equipment,Posting Account
50-85004,Postage and Freight,Posting Account
50-85005,Linen/Laundry Service,Posting Account
50-89000,Dues and Subscriptions,Posting Account
50-89003,Tribal Directed Events,Posting Account
50-89007,Assessments and Taxes,Posting Account
50-89008,Over / Short,Posting Account
50-89010,Employee Assistance Cost,Posting Account
50-89011,Employee Appreciation,Posting Account
61-60000,Salaries,Posting Account
61-60001,Regular Wages,Posting Account
61-60002,Overtime,Posting Account
61-60003,PTO,Posting Account
61-60004,Bereavement Pay,Posting Account
61-60005,Jury Duty,Posting Account
61-60006,Commissions,Posting Account
61-60007,Training Wages,Posting Account
61-60008,Wages-Other,Posting Account
61-60009,FUTA Expense,Posting Account
61-60010,Social Security Taxes,Posting Account
61-60011,Medicare Taxes,Posting Account
61-60012,SUTA Expense,Posting Account
61-60013,Workers Comp Expense,Posting Account
61-60014,Group Insurance - Health,Posting Account
61-60015,Group Insurance - Life,Posting Account
61-60016,Employee Pension,Posting Account
61-60017,Employee Meals,Posting Account
61-60018,Employee Relations,Posting Account
61-60019,Employee Activities,Posting Account
61-67000,Travel Expense,Posting Account
61-67001,Travel Expense - NonEmp,Posting Account
61-67002,Training and Education,Posting Account
61-67003,Training and Education,Posting Account
61-67004,Employee Recruiting,Posting Account
61-67005,Meals and Entertainment,Posting Account
61-68000,Contract/Temp Labor,Posting Account
61-68002,Professional Services,Posting Account
61-68003,Maintenance Contracts,Posting Account
61-71000,Building Lease,Posting Account
61-71001,Equipment Lease and Rental,Posting Account
61-71002,Storage Unit Rental,Posting Account
61-72000,RandM - Building,Posting Account
61-72001,RandM - Equipment,Posting Account
61-72002,RandM - Grounds,Posting Account
61-72003,RandM - Computer,Posting Account
61-72004,RandM - Vehicles,Posting Account
61-72005,RandM - Surveillance,Posting Account
61-73000,Vehicle - Fuel Expense,Posting Account
61-74000,Intercompany Comps,Posting Account
61-74001,FandB Comps,Posting Account
61-74002,Hotel Comps,Posting Account
61-74003,Box Office Expense,Posting Account
61-74004,Intercompany Expense,Posting Account
61-75000,UTILITIES- CABLE TV,Posting Account
61-75001,Utilities-Electric,Posting Account
61-75002,Fuel/Propane,Posting Account
61-75003,Sewer/ Sanitary and Trash,Posting Account
61-75004,Cellular Phones,Posting Account
61-75005,Telephone Expense,Posting Account
61-81003,Supplies-Office,Posting Account
61-81004,Supplies-Cleaning,Posting Account
61-81005,Supplies-Linen/Laundry,Posting Account
61-81008,Supplies-Other,Posting Account
61-85000,Printing/Forms,Posting Account
61-85001,Uniforms,Posting Account
61-85002,Equipment Lease and Rental,Posting Account
61-85003,Small Tools and Equipment,Posting Account
61-85004,Postage and Freight,Posting Account
61-85005,Linen/Laundry Service,Posting Account
61-85006,Fertilizer,Posting Account
61-85007,Chemicals,Posting Account
61-89000,Dues and Subscriptions,Posting Account
61-89003,Tribal Directed Events,Posting Account
61-89007,Assessments and Taxes,Posting Account
61-89008,Over / Short,Posting Account
61-89011,Employee Appreciation,Posting Account
65-75001,Utilities-Electric,Posting Account
65-75003,Sewer/ Sanitary and Trash,Posting Account
70-60000,Salaries,Posting Account
70-60001,Regular Wages,Posting Account
70-60002,Overtime,Posting Account
70-60003,PTO,Posting Account
70-60004,Bereavement Pay,Posting Account
70-60005,Jury Duty,Posting Account
70-60006,Commissions,Posting Account
70-60007,Training Wages,Posting Account
70-60008,Wages-Other,Posting Account
70-60009,FUTA Expense,Posting Account
70-60010,Social Security Taxes,Posting Account
70-60011,Medicare Taxes,Posting Account
70-60012,SUTA Expense,Posting Account
70-60013,Workers Comp Expense,Posting Account
70-60014,Group Insurance - Health,Posting Account
70-60015,Group Insurance - Life,Posting Account
70-60016,Employee Pension,Posting Account
70-60017,Employee Meals,Posting Account
70-60018,Employee Relations,Posting Account
70-60019,Employee Activities,Posting Account
70-64002,Customer Service,Posting Account
70-66000,Safety Program,Posting Account
70-66001,First Aid Supplies,Posting Account
70-67000,Travel Expense,Posting Account
70-67001,Travel Expense - NonEmp,Posting Account
70-67002,Training and Education,Posting Account
70-67003,Training and Education,Posting Account
70-67004,Employee Recruiting,Posting Account
70-67005,Meals and Entertainment,Posting Account
70-68000,Contract/Temp Labor,Posting Account
70-68002,Professional Services,Posting Account
70-68003,Maintenance Contracts,Posting Account
70-71000,Building Lease,Posting Account
70-71001,Equipment Lease and Rental,Posting Account
70-71002,Storage Unit Rental,Posting Account
70-72000,RandM - Building,Posting Account
70-72001,RandM - Equipment,Posting Account
70-72002,RandM - Grounds,Posting Account
70-72003,RandM - Computer,Posting Account
70-72004,RandM - Vehicles,Posting Account
70-72005,RandM - Surveillance,Posting Account
70-74000,Intercompany Comps,Posting Account
70-74001,FandB Comps,Posting Account
70-74002,Hotel Comps,Posting Account
70-74003,Box Office Expense,Posting Account
70-74004,Intercompany Expense,Posting Account
70-75000,UTILITIES- CABLE TV,Posting Account
70-75001,Utilities-Electric,Posting Account
70-75002,Fuel/Propane,Posting Account
70-75003,Sewer/ Sanitary and Trash,Posting Account
70-75004,Cellular Phones,Posting Account
70-75005,Telephone Expense,Posting Account
70-81003,Supplies-Office,Posting Account
70-81004,Supplies-Cleaning,Posting Account
70-81005,Supplies-Linen/Laundry,Posting Account
70-81008,Supplies-Other,Posting Account
70-85000,Printing/Forms,Posting Account
70-85001,Uniforms,Posting Account
70-85002,Equipment Lease and Rental,Posting Account
70-85003,Small Tools and Equipment,Posting Account
70-85004,Postage and Freight,Posting Account
70-85005,Linen/Laundry Service,Posting Account
70-89000,Dues and Subscriptions,Posting Account
70-89003,Tribal Directed Events,Posting Account
70-89006,Bad Debt Expense,Posting Account
70-89007,Assessments and Taxes,Posting Account
70-89008,Over / Short,Posting Account
70-89011,Employee Appreciation,Posting Account
75-17005,Surveillance-Building- Hotel/Casino,Posting Account
75-60000,Surveillance-Salaries,Posting Account
75-60001,Surveillance-Regular Wages,Posting Account
75-60009,FUTA Expense,Posting Account
75-60010,Surveillance-Social Security Taxes,Posting Account
75-60011,Surveillance-Medicare Taxes,Posting Account
75-60012,SUTA Expense,Posting Account
75-60013,Surveillance-Workers Comp Expense,Posting Account
75-60014,Surveillance-Group Insurance,Posting Account
75-67000,Surveillance-Travel Expense,Posting Account
75-67004,Employee Recruiting,Posting Account
75-81003,Surveillance-Supplies-Office,Posting Account
75-89036,Contract Gaming Commission,Posting Account
80-40010,ATM Fee Revenue,Posting Account
80-41000,Check Cashing Fee Revenue,Posting Account
80-60000,Salaries,Posting Account
80-60001,Regular Wages,Posting Account
80-60002,Overtime,Posting Account
80-60003,PTO,Posting Account
80-60004,Bereavement Pay,Posting Account
80-60005,Jury Duty,Posting Account
80-60006,Commissions,Posting Account
80-60007,Training Wages,Posting Account
80-60008,Wages-Other,Posting Account
80-60009,+,Posting Account
80-60010,Social Security Taxes,Posting Account
80-60011,Medicare Taxes,Posting Account
80-60012,SUTA Expense,Posting Account
80-60013,Workers Comp Expense,Posting Account
80-60014,Group Insurance - Health,Posting Account
80-60015,Group Insurance - Life,Posting Account
80-60016,Employee Pension,Posting Account
80-60017,Employee Meals,Posting Account
80-60018,Employee Relations,Posting Account
80-60019,Employee Activities,Posting Account
80-64002,Customer Service,Posting Account
80-67000,Travel Expense,Posting Account
80-67001,Travel Expense - NonEmp,Posting Account
80-67002,Training and Education,Posting Account
80-67003,Training and Education,Posting Account
80-67004,Employee Recruiting,Posting Account
80-67005,Meals and Entertainment,Posting Account
80-68002,Professional Services,Posting Account
80-68003,Maintenance Contracts,Posting Account
80-71000,Building Lease,Posting Account
80-71001,Equipment Lease and Rental,Posting Account
80-71002,Storage Unit Rental,Posting Account
80-72000,RandM - Building,Posting Account
80-72001,RandM - Equipment,Posting Account
80-72002,RandM - Grounds,Posting Account
80-72003,RandM - Computer,Posting Account
80-72004,RandM - Vehicles,Posting Account
80-72005,RandM - Surveillance,Posting Account
80-74000,Intercompany Comps,Posting Account
80-74001,FandB Comps,Posting Account
80-74002,Hotel Comps,Posting Account
80-74003,Box Office Expense,Posting Account
80-74004,Intercompany Expense,Posting Account
80-75000,UTILITIES- CABLE TV,Posting Account
80-75001,Utilities-Electric,Posting Account
80-75002,Fuel/Propane,Posting Account
80-75003,Sewer/ Sanitary and Trash,Posting Account
80-75004,Cellular Phones,Posting Account
80-75005,Telephone Expense,Posting Account
80-79000,Counterfeit Bills,Posting Account
80-79001,Cash Short (Over),Posting Account
80-79002,Armored Car Services,Posting Account
80-79003,Credit Card Fees,Posting Account
80-79004,Check Cashing Fees,Posting Account
80-81003,Supplies-Office,Posting Account
80-81004,Supplies-Cleaning,Posting Account
80-81005,Supplies-Linen/Laundry,Posting Account
80-81006,Cage-Supplies-Gaming,Posting Account
80-81008,Supplies-Other,Posting Account
80-85000,Printing/Forms,Posting Account
80-85001,Uniforms,Posting Account
80-85002,Equipment Lease and Rental,Posting Account
80-85003,Small Tools and Equipment,Posting Account
80-85004,Postage and Freight,Posting Account
80-85005,Linen/Laundry Service,Posting Account
80-89000,Dues and Subscriptions,Posting Account
80-89003,Tribal Directed Events,Posting Account
80-89006,Bad Debt Expense,Posting Account
80-89007,Assessments and Taxes,Posting Account
80-89008,Over / Short,Posting Account
80-89009,Background Investigations,Posting Account
80-89011,Employee Appreciation,Posting Account
82-47000,Interest Income,Posting Account
82-60000,Salaries,Posting Account
82-60001,Regular Wages,Posting Account
82-60002,Overtime,Posting Account
82-60003,PTO,Posting Account
82-60004,Bereavement Pay,Posting Account
82-60005,Jury Duty,Posting Account
82-60006,Commissions,Posting Account
82-60007,Training Wages,Posting Account
82-60008,Wages-Other,Posting Account
82-60009,Payroll Allocation,Posting Account
82-60010,Social Security Taxes,Posting Account
82-60011,Medicare Taxes,Posting Account
82-60012,SUTA Expense,Posting Account
82-60013,Workers Comp Expense,Posting Account
82-60014,Group Insurance - Health,Posting Account
82-60015,Group Insurance - Life,Posting Account
82-60016,Employee Pension,Posting Account
82-60017,Employee Meals,Posting Account
82-60018,Employee Relations,Posting Account
82-60019,Employee Activities,Posting Account
82-64002,Customer Service,Posting Account
82-65000,"Accounting-Furniture Fixtures<5,000",Posting Account
82-67000,Travel Expense,Posting Account
82-67001,Travel Expense - NonEmp,Posting Account
82-67002,Training and Education,Posting Account
82-67003,Training and Education,Posting Account
82-67004,Employee Recruiting,Posting Account
82-67005,Meals and Entertainment,Posting Account
82-68002,Professional Services,Posting Account
82-68003,Maintenance Contracts,Posting Account
82-68004,Accounting- Audit Expense,Posting Account
82-69004,Accounting-Insurance-Umbrella,Posting Account
82-71000,Building Lease,Posting Account
82-71001,Equipment Lease and Rental,Posting Account
82-71002,Storage Unit Rental,Posting Account
82-72000,RandM - Building,Posting Account
82-72001,RandM - Equipment,Posting Account
82-72002,RandM - Grounds,Posting Account
82-72003,RandM - Computer,Posting Account
82-72004,RandM - Vehicles,Posting Account
82-72005,RandM - Surveillance,Posting Account
82-74000,Intercompany Comps,Posting Account
82-74001,FandB Comps,Posting Account
82-74002,Hotel Comps,Posting Account
82-74003,Box Office Expense,Posting Account
82-74004,Intercompany Expense,Posting Account
82-75000,UTILITIES- CABLE TV,Posting Account
82-75001,Utilities-Electric,Posting Account
82-75002,Fuel/Propane,Posting Account
82-75003,Sewer/ Sanitary and Trash,Posting Account
82-75004,Cellular Phones,Posting Account
82-75005,Telephone Expense,Posting Account
82-77005,Accounting- Hosting Fees,Posting Account
82-79000,Counterfeit Bills,Posting Account
82-79001,Cash Short (Over),Posting Account
82-79002,Armored Car Services,Posting Account
82-79003,Credit Card Fees,Posting Account
82-79004,Bank Fees,Posting Account
82-81003,Supplies-Office,Posting Account
82-81004,Supplies-Cleaning,Posting Account
82-81005,Supplies-Linen/Laundry,Posting Account
82-81008,Supplies-Other,Posting Account
82-85000,Printing/Forms,Posting Account
82-85001,Uniforms,Posting Account
82-85002,Equipment Lease and Rental,Posting Account
82-85003,Small Tools and Equipment,Posting Account
82-85004,Postage and Freight,Posting Account
82-85005,Linen/Laundry Service,Posting Account
82-89000,Dues and Subscriptions,Posting Account
82-89003,Tribal Directed Events,Posting Account
82-89006,Bad Debt Expense,Posting Account
82-89007,Assessments and Taxes,Posting Account
82-89008,Over / Short,Posting Account
82-89009,Background Investigations,Posting Account
82-89011,Employee Appreciation,Posting Account
82-89022,Depreciation Expense - Artwork,Posting Account
82-89023,Depreciation Expense - Building,Posting Account
82-89024,"Depreciation Expense  - F,F & E",Posting Account
82-89025,Depreciation Expense- Vehicles,Posting Account
82-89026,Depreciation Expense - Computer Equipment,Posting Account
82-89028,Depreciation Expense - Land Improv,Posting Account
82-89029,Depreciation Expense - Gaming Equipment,Posting Account
82-89030,Depreciation Expense - Software,Posting Account
82-89031,Depreciation Expense- Telephone,Posting Account
82-89032,Depreciation Expense- Signage,Posting Account
82-89035,Operating Transfer IN,Posting Account
82-89036,Operating Transfers Out,Posting Account
82-89037,Operating Transfers Out,Posting Account
90-60000,Salaries,Posting Account
90-60001,Regular Wages,Posting Account
90-60002,Overtime,Posting Account
90-60003,PTO,Posting Account
90-60004,Bereavement Pay,Posting Account
90-60005,Jury Duty,Posting Account
90-60006,Commissions,Posting Account
90-60007,Training Wages,Posting Account
90-60008,Wages-Other,Posting Account
90-60009,FUTA Expense,Posting Account
90-60010,Social Security Taxes,Posting Account
90-60011,Medicare Taxes,Posting Account
90-60012,SUTA Expense,Posting Account
90-60013,Workers Comp Expense,Posting Account
90-60014,Group Insurance - Health,Posting Account
90-60015,Group Insurance - Life,Posting Account
90-60016,Employee Pension,Posting Account
90-60017,Employee Meals,Posting Account
90-60018,Employee Relations,Posting Account
90-60019,Employee Activities,Posting Account
90-62014,Flowers/Decorations,Posting Account
90-64002,Customer Service,Posting Account
90-67000,Travel Expense,Posting Account
90-67001,Travel Expense - NonEmp,Posting Account
90-67002,Training and Education,Posting Account
90-67003,Training and Education,Posting Account
90-67004,Employee Recruiting,Posting Account
90-67005,Meals and Entertainment,Posting Account
90-68000,IT-Contract/Temp Labor,Posting Account
90-68002,Professional Services,Posting Account
90-68003,Maintenance Contracts,Posting Account
90-69000,Insurance-Auto,Posting Account
90-69001,Insurance-Property,Posting Account
90-69002,Insurance-Liability,Posting Account
90-69003,Insurance-Crime,Posting Account
90-69004,Insurance-Umbrella,Posting Account
90-69005,Insurance Claims/Deductible,Posting Account
90-71000,Building Lease,Posting Account
90-71001,Equipment Lease and Rental,Posting Account
90-71002,Storage Unit Rental,Posting Account
90-72000,RandM - Building,Posting Account
90-72001,RandM - Equipment,Posting Account
90-72002,RandM - Grounds,Posting Account
90-72003,RandM - Computer,Posting Account
90-72004,RandM - Vehicles,Posting Account
90-72005,RandM - Surveillance,Posting Account
90-74000,Intercompany Comps,Posting Account
90-74001,FandB Comps,Posting Account
90-74002,Hotel Comps,Posting Account
90-74003,Box Office Expense,Posting Account
90-74004,Intercompany Expense,Posting Account
90-75000,UTILITIES- CABLE TV,Posting Account
90-75001,Utilities-Electric,Posting Account
90-75002,Fuel/Propane,Posting Account
90-75003,Sewer/ Sanitary and Trash,Posting Account
90-75004,Cellular Phones,Posting Account
90-75005,Telephone Expense,Posting Account
90-77000,Legal Fees,Posting Account
90-77001,NIGC Fees,Posting Account
90-77002,Licenses and Fees,Posting Account
90-77003,State Revenue Share,Posting Account
90-77004,Gaming Regulatory Fees,Posting Account
90-77007,IT-Software License Expense,Posting Account
90-81001,IT-,Posting Account
90-81003,Supplies-Office,Posting Account
90-81004,Supplies-Cleaning,Posting Account
90-81005,Supplies-Linen/Laundry,Posting Account
90-81006,IT-Supplies-Gaming,Posting Account
90-81008,Supplies-Other,Posting Account
90-85000,Printing/Forms,Posting Account
90-85001,Uniforms,Posting Account
90-85002,Equipment Lease and Rental,Posting Account
90-85003,Small Tools and Equipment,Posting Account
90-85004,Postage and Freight,Posting Account
90-85005,Linen/Laundry Service,Posting Account
90-89000,Dues and Subscriptions,Posting Account
90-89001,Donations,Posting Account
90-89002,Sponsorships,Posting Account
90-89003,Tribal Directed Events,Posting Account
90-89004,Inventory Valuation,Posting Account
90-89005,Obsolete Uniforms,Posting Account
90-89006,Bad Debt Expense,Posting Account
90-89007,Assessments and Taxes,Posting Account
90-89008,Over / Short,Posting Account
90-89010,Employee Assistance Cost,Posting Account
90-89011,Employee Appreciation,Posting Account
91-60001,Administration-Regular Wages,Posting Account
91-60002,Administration-Overtime,Posting Account
91-60003,Administration-PTO,Posting Account
91-60004,Administration-Bereavement Pay,Posting Account
91-60010,Administration-Social Security Taxes,Posting Account
91-60011,Administration-Medicare Taxes,Posting Account
91-60012,Administration-SUTA Expense,Posting Account
91-60013,Administration-Workers Comp Expense,Posting Account
92-18000,Unallocated-Fixed Asset Clearing,Posting Account
92-47000,Interest Income,Posting Account
92-47500,Discounts and Rebates,Posting Account
92-48000,Lease-Revenue,Posting Account
92-48001,Lease-Revenue,Posting Account
92-48002,Lease-Revenue,Posting Account
92-48003,Lease-Revenue,Posting Account
92-49000,Commission Income,Posting Account
92-49500,Other Income,Posting Account
92-60001,Unallocated-Regular Wages,Posting Account
92-60010,Unallocated-Social Security Taxes,Posting Account
92-60014,Unallocated-Group Insurance - Health,Posting Account
92-62014,Flowers/Decorations,Posting Account
92-64002,Customer Service,Posting Account
92-67000,Travel Expense,Posting Account
92-67001,Travel Expense - NonEmp,Posting Account
92-67002,Training and Education,Posting Account
92-67003,Training and Education,Posting Account
92-67004,Employee Recruiting,Posting Account
92-67005,Meals and Entertainment,Posting Account
92-68000,Unallocated-Contract/Temp Labor,Posting Account
92-68002,Professional Services,Posting Account
92-68003,Maintenance Contracts,Posting Account
92-69000,Insurance-Auto,Posting Account
92-69001,Insurance-Property,Posting Account
92-69002,Insurance-Liability,Posting Account
92-69003,Insurance-Crime,Posting Account
92-69004,Insurance-Umbrella,Posting Account
92-69005,Insurance Claims/Deductible,Posting Account
92-71000,Building Lease,Posting Account
92-71001,Equipment Lease and Rental,Posting Account
92-71002,Storage Unit Rental,Posting Account
92-72000,RandM - Building,Posting Account
92-72001,RandM - Equipment,Posting Account
92-72002,RandM - Grounds,Posting Account
92-72003,RandM - Computer,Posting Account
92-72004,RandM - Vehicles,Posting Account
92-72005,RandM - Surveillance,Posting Account
92-74000,Intercompany Comps,Posting Account
92-74001,FandB Comps,Posting Account
92-74002,Hotel Comps,Posting Account
92-74003,Box Office Expense,Posting Account
92-74004,Intercompany Expense,Posting Account
92-75000,UTILITIES- CABLE TV,Posting Account
92-75001,Utilities-Electric,Posting Account
92-75002,Fuel/Propane,Posting Account
92-75003,Sewer/ Sanitary and Trash,Posting Account
92-75004,Cellular Phones,Posting Account
92-75005,Telephone Expense,Posting Account
92-77000,Legal Fees,Posting Account
92-77001,NIGC Fees,Posting Account
92-77002,Licenses and Fees,Posting Account
92-77003,State Revenue Share,Posting Account
92-77004,Gaming Regulatory Fees,Posting Account
92-81003,Supplies-Office,Posting Account
92-81004,Supplies-Cleaning,Posting Account
92-81005,Supplies-Linen/Laundry,Posting Account
92-81008,Supplies-Other,Posting Account
92-85000,Printing/Forms,Posting Account
92-85001,Uniforms,Posting Account
92-85002,Equipment Lease and Rental,Posting Account
92-85003,Small Tools and Equipment,Posting Account
92-85004,Postage and Freight,Posting Account
92-85005,Linen/Laundry Service,Posting Account
92-89000,Dues and Subscriptions,Posting Account
92-89001,Donations,Posting Account
92-89002,Sponsorships,Posting Account
92-89003,Tribal Directed Events,Posting Account
92-89004,Inventory Valuation,Posting Account
92-89005,Obsolete Uniforms,Posting Account
92-89006,Bad Debt Expense,Posting Account
92-89007,Assessments and Taxes,Posting Account
92-89008,Over / Short,Posting Account
92-89010,Employee Assistance Cost,Posting Account
92-89011,Employee Appreciation,Posting Account
95-13043,Visitor Center-Gift Shop-Inv Retail-Boutique,Posting Account
95-14009,Visitor Center-Prepaid Other,Posting Account
95-21063,Accrued Advertising-Visitor Center,Posting Account
95-40009,Donation Revenue,Posting Account
95-43000,Visitor Center-Food Sales,Posting Account
95-44002,Visitor Center-Apparel Sales,Posting Account
95-44003,Visitor Center-Jewelry Sales,Posting Account
95-44007,Visitor Center-Merchandise Sales,Posting Account
95-45000,Visitor Center-Merchandise Sales,Posting Account
95-47500,Visitor Center-Discounts and Rebates,Posting Account
95-49500,Visitor Center-Other Income,Posting Account
95-50000,VC -Food,Posting Account
95-53000,Spoilage - VC,Posting Account
95-55000,VC -Merchandise,Posting Account
95-60000,Visitor Center-Salaries,Posting Account
95-60001,Visitor Center-Regular Wages,Posting Account
95-60009,FUTA Expense,Posting Account
95-60010,Visitor Center-Social Security Taxes,Posting Account
95-60011,Visitor Center-Medicare Taxes,Posting Account
95-60012,Visitor Center-SUTA Expense,Posting Account
95-60013,Visitor Center -Workers Comp Expense,Posting Account
95-60014,VC -Group Insurance - Health,Posting Account
95-62000,VC -Advertising-Print and Art,Posting Account
95-62002,Visitor Center -Advertising,Posting Account
95-62003,Visitor Center -Advertising,Posting Account
95-62004,VC-Advertising-Production,Posting Account
95-62005,VC-Advertising-Web Site,Posting Account
95-62006,Visitor Center-Advertising-Direct Mail,Posting Account
95-62009,Visitor Center-Production,Posting Account
95-62013,Visitor Center-Production,Posting Account
95-67000,Visitor Center-Travel Expense,Posting Account
95-67001,VC-Travel Expense - NonEmp,Posting Account
95-67004,VC -Employee Recruiting,Posting Account
95-68000,VC -Contract/Temp Labor,Posting Account
95-68002,VC -Professional Services,Posting Account
95-74003,Utilities- Water,Posting Account
95-75001,VC -Utilities-Electric,Posting Account
95-75003,VC -Sewer/ Sanitary and Trash,Posting Account
95-75005,VC-Telephone Expense,Posting Account
95-77002,VC-Licenses and Fees,Posting Account
95-79003,Credit Card Fees- Visitor Center,Posting Account
95-81008,VC -Supplies-Other,Posting Account
95-85002,Visitor Center-Equipment Lease and Rental,Posting Account
95-85003,Visitor Center-Small Tools and Equipment,Posting Account
95-85004,VC -Postage and Freight,Posting Account
95-89000,VC -Dues and Subscriptions,Posting Account
95-89035,OPERATING TRANSFER IN- Visitor Center,Posting Account
99-99999,Payroll Posting error,Posting Account
